{
  "stft_analysis": 3.6879302140441723,
  "crossfade_loop": 0.0037423582485644146,
  "audio_normalization": 0.0027040616498561574,
  "filter_design": 0.004335747699951753
}