{
  "stft_analysis": 18.232060523005202,
  "crossfade_loop": 0.004691360649303533,
  "audio_normalization": 0.006368881399976089,
  "filter_design": 0.0055525940598454325
}